id,focus,signal,slack,drag,confidence,score,lane,kind,invariant
g001,form pressure,32,42,39,82,71,hold,baseline,monotonic-signal
g002,sync drift,82,30,24,103,225,ship,edge,drag-penalty
g003,local state,66,61,18,94,233,ship,recovery,confidence-floor
g004,conflict cost,62,44,17,32,149,watch,negative,lane-boundary
g005,form pressure,63,73,39,48,130,watch,baseline,monotonic-signal
g006,sync drift,111,20,30,104,256,ship,edge,drag-penalty
g007,local state,95,31,6,93,296,ship,recovery,confidence-floor
g008,conflict cost,46,74,17,49,164,watch,negative,lane-boundary
g009,form pressure,69,28,24,75,169,watch,baseline,monotonic-signal
g010,sync drift,84,43,8,92,279,ship,edge,drag-penalty
g011,local state,51,53,22,105,194,ship,recovery,confidence-floor
g012,conflict cost,38,60,10,30,136,watch,negative,lane-boundary
g013,form pressure,35,66,20,83,159,watch,baseline,monotonic-signal
g014,sync drift,37,37,12,28,103,watch,edge,drag-penalty
g015,local state,86,60,30,91,233,ship,recovery,confidence-floor
g016,conflict cost,114,74,20,41,283,ship,negative,lane-boundary
g017,form pressure,87,48,37,64,175,watch,baseline,monotonic-signal
g018,sync drift,77,38,5,80,257,ship,edge,drag-penalty
g019,local state,32,35,33,49,49,hold,recovery,confidence-floor
g020,conflict cost,101,36,6,81,301,ship,negative,lane-boundary
g021,form pressure,95,74,15,102,321,ship,baseline,monotonic-signal
g022,sync drift,95,61,42,93,218,ship,edge,drag-penalty
g023,local state,55,57,15,31,153,watch,recovery,confidence-floor
g024,conflict cost,82,22,24,47,161,watch,negative,lane-boundary
g025,form pressure,55,52,9,103,238,ship,baseline,monotonic-signal
g026,sync drift,89,60,45,92,195,ship,edge,drag-penalty
g027,local state,66,66,44,48,114,watch,recovery,confidence-floor
g028,conflict cost,102,72,24,74,278,ship,negative,lane-boundary
g029,form pressure,35,77,15,91,193,ship,baseline,monotonic-signal
g030,sync drift,93,47,33,104,238,ship,edge,drag-penalty
g031,local state,38,35,44,29,8,hold,recovery,confidence-floor
g032,conflict cost,73,66,9,82,267,ship,negative,lane-boundary
g033,form pressure,35,49,35,27,41,hold,baseline,monotonic-signal
g034,sync drift,107,8,7,90,291,ship,edge,drag-penalty
g035,local state,103,25,37,40,160,watch,recovery,confidence-floor
g036,conflict cost,104,36,5,63,292,ship,negative,lane-boundary
g037,form pressure,64,9,39,79,99,watch,baseline,monotonic-signal
g038,sync drift,48,33,15,48,132,watch,edge,drag-penalty
g039,local state,87,48,5,80,287,ship,recovery,confidence-floor
g040,conflict cost,110,58,22,101,313,ship,negative,lane-boundary
g041,form pressure,37,65,32,92,135,watch,baseline,monotonic-signal
g042,sync drift,92,71,18,30,231,ship,edge,drag-penalty
g043,local state,79,42,33,46,147,watch,recovery,confidence-floor
g044,conflict cost,76,65,42,102,193,ship,negative,lane-boundary
g045,form pressure,78,9,27,91,175,watch,baseline,monotonic-signal
g046,sync drift,39,53,42,47,52,hold,edge,drag-penalty
g047,local state,67,43,9,73,223,ship,recovery,confidence-floor
g048,conflict cost,40,40,36,90,102,watch,negative,lane-boundary
g049,form pressure,30,41,30,103,114,watch,baseline,monotonic-signal
g050,sync drift,73,9,29,28,96,hold,edge,drag-penalty
g051,local state,54,66,9,81,228,ship,recovery,confidence-floor
g052,conflict cost,48,62,42,26,58,hold,negative,lane-boundary
g053,form pressure,48,27,18,89,158,watch,baseline,monotonic-signal
g054,sync drift,96,57,29,39,201,ship,edge,drag-penalty
g055,local state,35,65,36,62,89,hold,recovery,confidence-floor
g056,conflict cost,96,71,20,78,281,ship,negative,lane-boundary
g057,form pressure,42,77,34,47,106,watch,baseline,monotonic-signal
g058,sync drift,107,12,22,79,239,ship,edge,drag-penalty
g059,local state,55,52,32,100,166,watch,recovery,confidence-floor
g060,conflict cost,76,40,24,91,211,ship,negative,lane-boundary
g061,form pressure,46,71,42,29,66,hold,baseline,monotonic-signal
g062,sync drift,79,54,32,45,161,watch,edge,drag-penalty
g063,local state,114,13,7,101,321,ship,recovery,confidence-floor
g064,conflict cost,76,30,17,90,221,ship,negative,lane-boundary
g065,form pressure,60,41,45,46,72,hold,baseline,monotonic-signal
g066,sync drift,56,14,18,72,144,watch,edge,drag-penalty
g067,local state,57,38,27,89,160,watch,recovery,confidence-floor
g068,conflict cost,105,53,12,102,329,ship,negative,lane-boundary
g069,form pressure,89,63,27,27,187,ship,baseline,monotonic-signal
g070,sync drift,40,70,36,80,122,watch,edge,drag-penalty
g071,local state,63,76,21,25,164,watch,recovery,confidence-floor
g072,conflict cost,78,47,15,88,246,ship,negative,lane-boundary
g073,form pressure,45,70,14,38,156,watch,baseline,monotonic-signal
g074,sync drift,32,14,36,61,31,hold,edge,drag-penalty
g075,local state,117,58,27,77,288,ship,recovery,confidence-floor
g076,conflict cost,31,48,45,46,21,hold,negative,lane-boundary
g077,form pressure,80,45,14,78,241,ship,baseline,monotonic-signal
g078,sync drift,108,46,21,99,298,ship,edge,drag-penalty
g079,local state,81,14,5,90,251,ship,recovery,confidence-floor
g080,conflict cost,71,71,19,28,184,ship,negative,lane-boundary
g081,form pressure,114,67,7,44,318,ship,baseline,monotonic-signal
g082,sync drift,95,32,17,100,271,ship,edge,drag-penalty
g083,local state,89,62,9,89,302,ship,recovery,confidence-floor
g084,conflict cost,89,70,27,45,212,ship,negative,lane-boundary
g085,form pressure,49,76,17,71,194,ship,baseline,monotonic-signal
g086,sync drift,76,12,34,88,150,watch,edge,drag-penalty
g087,local state,49,17,44,101,84,hold,recovery,confidence-floor
g088,conflict cost,83,57,30,26,159,watch,negative,lane-boundary
g089,form pressure,60,45,45,79,109,watch,baseline,monotonic-signal
g090,sync drift,96,76,12,24,256,ship,edge,drag-penalty
g091,local state,117,59,39,87,263,ship,recovery,confidence-floor
g092,conflict cost,87,18,12,37,193,ship,negative,lane-boundary
g093,form pressure,32,35,21,60,96,hold,baseline,monotonic-signal
g094,sync drift,67,46,6,76,238,ship,edge,drag-penalty
g095,local state,117,19,42,45,172,watch,recovery,confidence-floor
g096,conflict cost,101,43,41,77,199,ship,negative,lane-boundary
